relative.abundance,Year
0.142331868,1994
0.727856973,1995
0.215296528,1996
0.354986514,1997
0.228191197,1998
0.51694784,1999
0.616186438,2000
0.556851043,2001
0.433232273,2002
0.780630775,2003
0.899943149,2004
0.995495317,2005
1.201794622,2006
1.03353092,2007
0.792784303,2008
0.982439441,2009
0.789546022,2010
0.644102239,2011
0.743156799,2012
0.898851487,2013
0.564038029,2014
0.49265874,2015
